publish_time,song_time,artist,artist_id,music_name,music_id,album,pic_url,album_id,no,crawl_time,music_url,music_down_url,update_time
2018-08-20,3:52,郑润泽,29051613,于是,1303464858,于是,http://p2.music.126.net/PEGvmO3OqgGOkx4m9qxAJA==/109951163478499713.jpg,72363421,1,2024-11-20 10:51:55,https://music.163.com/song?id=1303464858,Unknown,2024-11-20
2011-11-10,4:31,陈奕迅,2116,孤独患者,64093,？,http://p2.music.126.net/Po0tJTtv4aBaYozWlnojHg==/18546562139313276.jpg,6341,1,2024-11-20 10:51:55,https://music.163.com/song?id=64093,Unknown,2024-11-20
Unknown,4:03,"梨冻紧, Wiz_H张子豪","33259235, 13112601",罗生门（Follow）,1456890009,罗生门（Follow）,http://p2.music.126.net/yN1ke1xYMJ718FiHaDWtYQ==/109951165076380471.jpg,91237927,1,2024-11-20 10:51:55,https://music.163.com/song?id=1456890009,Unknown,2024-11-20
2024-10-17,2:49,"ROSÉ, Bruno Mars","12062255, 178059",APT.,2637558926,APT.,http://p2.music.126.net/t47xJ6AwOv9qOQ51PZoiPw==/109951170052324935.jpg,251077657,1,2024-11-20 10:51:55,https://music.163.com/song?id=2637558926,Unknown,2024-11-20
2007-01-24,3:58,王力宏,5346,爱错,1301736461,恋爱占星音乐全精选,http://p2.music.126.net/febOkiCikU5OcjVLqGNLlg==/109951165994484307.jpg,72309025,11,2024-11-20 10:51:55,https://music.163.com/song?id=1301736461,Unknown,2024-11-20
2019-11-13,6:21,王贰浪,14312549,把回忆拼好给你,1403318151,把回忆拼好给你,http://p2.music.126.net/CBx2K_jEN3SNWwYztagPPw==/109951164485969446.jpg,83305009,1,2024-11-20 10:51:55,https://music.163.com/song?id=1403318151,Unknown,2024-11-20
2019-10-22,3:50,颜人中,31376161,我只能离开,1398283847,初恋那件小事 电视剧原声带,http://p2.music.126.net/5GPFbTQU-kW57PGv_7LeBw==/109951164440649436.jpg,82595937,3,2024-11-20 10:51:55,https://music.163.com/song?id=1398283847,Unknown,2024-11-20
Unknown,4:05,"汪苏泷, 单依纯","5538, 29802127",如果爱忘了 (live),2124385868,声生不息·家年华 第12期,http://p2.music.126.net/3nL__2mV7k65XMoUw6Gu-g==/109951169721390560.jpg,185225783,2,2024-11-20 10:51:55,https://music.163.com/song?id=2124385868,Unknown,2024-11-20
2024-06-14,3:39,罗森涛,48082785,小孩,2166584564,为何离开,http://p2.music.126.net/5zAv9nKlwj80OearK5Vrjw==/109951169686963932.jpg,199391684,1,2024-11-20 10:51:55,https://music.163.com/song?id=2166584564,Unknown,2024-11-20
2021-03-13,3:10,"林达浪, h3R3","15199791, 12631485",还是会想你,1827600686,还是会想你,http://p2.music.126.net/9FhSEQtMhP-JP3_U84YfWQ==/109951165798773745.jpg,124309279,0,2024-11-20 10:51:55,https://music.163.com/song?id=1827600686,Unknown,2024-11-20
2022-02-08,2:41,罗言,33863232,红,1918576268,When the world is came，take it！,http://p2.music.126.net/G-inyKjA-jO5MuOuV3g7Pg==/109951167027986653.jpg,140087138,9,2024-11-20 10:51:55,https://music.163.com/song?id=1918576268,Unknown,2024-11-20
Unknown,3:44,汪苏泷,5538,我想念,2071935674,我想念,http://p2.music.126.net/MIWMnBEedpJ8IpOau5D7PA==/109951168829804653.jpg,171937345,1,2024-11-20 10:51:55,https://music.163.com/song?id=2071935674,Unknown,2024-11-20
2021-11-04,4:34,韦礼安,5379,如果可以,1890530891,如果可以,http://p2.music.126.net/znTzn19zZvZ4IdlKEOhWRg==/109951166564931690.jpg,135391759,1,2024-11-20 10:51:55,https://music.163.com/song?id=1890530891,Unknown,2024-11-20
Unknown,4:17,郑润泽,29051613,如果呢,1842728629,如果呢,http://p2.music.126.net/-xMsNLpquZTmMZlIztTgHg==/109951165953469081.jpg,126985670,0,2024-11-20 10:51:55,https://music.163.com/song?id=1842728629,Unknown,2024-11-20
2020-01-01,4:00,阿冗,30116848,与我无关,1413585838,与我无关,http://p2.music.126.net/x-jReyGkM5OTKUEtTqXGoA==/109951164597332931.jpg,84664836,1,2024-11-20 10:51:55,https://music.163.com/song?id=1413585838,Unknown,2024-11-20
2023-12-21,3:11,"阿YueYue, 刘兆宇","12227865, 13447730",冬眠,2110700883,冬眠·2023,http://p2.music.126.net/iNk6NRXhVBzJ-IU9Jx-k3w==/109951169220031390.jpg,181626205,1,2024-11-20 10:51:55,https://music.163.com/song?id=2110700883,Unknown,2024-11-20
2017-01-10,2:53,音阙诗听,12174521,红昭愿,452986458,红昭愿,http://p2.music.126.net/8ltR3o9R8uJ9_5Cc71cDhA==/109951162951242154.jpg,35114938,1,2024-11-20 10:51:55,https://music.163.com/song?id=452986458,Unknown,2024-11-20
Unknown,3:13,玉慧同学,53272453,相思遥,2005252136,相思遥,http://p2.music.126.net/e1Q5ANvBtL3jLgPyQjc-NA==/109951168129929242.jpg,156234426,1,2024-11-20 10:51:55,https://music.163.com/song?id=2005252136,Unknown,2024-11-20
2021-11-16,3:51,队长,1143033,予你,1895330088,予你,http://p2.music.126.net/yxVm_vRFOode6yP67NmMcA==/109951166625738075.jpg,136184367,1,2024-11-20 10:51:55,https://music.163.com/song?id=1895330088,Unknown,2024-11-20
2022-08-28,5:29,赵雷,6731,我记得,1974443814,署前街少年,http://p2.music.126.net/9bVOooAY6U6EJLzpv1Fikw==/109951169682871673.jpg,150127127,5,2024-11-20 10:51:55,https://music.163.com/song?id=1974443814,Unknown,2024-11-20
2021-11-01,4:00,杜宣达,12060040,指纹,1887139866,指纹,http://p2.music.126.net/kT4AECoc13oVKLEg_-eFMA==/109951166578436098.jpg,135524120,1,2024-11-20 10:51:55,https://music.163.com/song?id=1887139866,Unknown,2024-11-20
2021-12-13,4:42,毛不易,12138269,无名的人,1903149553,无名的人,http://p2.music.126.net/tLKBLSGTBgHKpazu83hZfw==/109951166724351491.jpg,137431418,1,2024-11-20 10:51:55,https://music.163.com/song?id=1903149553,Unknown,2024-11-20
2024-05-23,4:11,"杨宗纬, 宝石Gem, 王宇宙Leto","6066, 12084497, 49144727",若月亮没来 (Live版),2158973221,天赐的声音第五季 第5期,http://p2.music.126.net/4iTkYFSI2ILuXnv9yBgSnw==/109951169617468185.jpg,197079448,3,2024-11-20 10:51:55,https://music.163.com/song?id=2158973221,Unknown,2024-11-20
2019-10-17,3:17,葛东琪,12136078,悬溺,1397345903,第二街区,http://p2.music.126.net/CDhYcShQKH2VAMENuCxWWQ==/109951164166513349.jpg,79886335,3,2024-11-20 10:51:55,https://music.163.com/song?id=1397345903,Unknown,2024-11-20
Unknown,4:50,"张信哲, 王靖雯不胖","6454, 35495821",谦让 (Live版),2642164470,有歌2024 第4期,http://p2.music.126.net/rOy1niPFYfh-TTK3ePNoCQ==/109951170103473710.jpg,252547864,2,2024-11-20 10:51:55,https://music.163.com/song?id=2642164470,Unknown,2024-11-20
2013-07-22,5:02,Michita,20516,Cry For Me (feat. Ami),27681762,Pureness,http://p2.music.126.net/l23qXUnvTLv2CcFPsJyLEg==/109951170068139096.jpg,2657564,1,2024-11-20 10:51:55,https://music.163.com/song?id=27681762,Unknown,2024-11-20
Unknown,2:52,h3R3,12631485,忘不掉的你,1851652156,忘不掉的你,http://p2.music.126.net/4BCskpY6Rmm-QReHnY8W6Q==/109951166071009318.jpg,128666473,1,2024-11-20 10:51:55,https://music.163.com/song?id=1851652156,Unknown,2024-11-20
2010-04-08,3:59,By2,11097,凑热闹,344403,成人礼,http://p2.music.126.net/F4PaoO9YZTRv-WQqEXCryw==/109951169200438951.jpg,33975,5,2024-11-20 10:51:55,https://music.163.com/song?id=344403,Unknown,2024-11-20
2024-08-06,3:20,四熹丸子,30784970,秋风,2614851804,秋风,http://p2.music.126.net/1XH99EZfjuRXkHEnBr161A==/109951169849669849.jpg,244268149,1,2024-11-20 10:51:55,https://music.163.com/song?id=2614851804,Unknown,2024-11-20
2009-04-09,4:05,By2,11097,我知道 (我知道你还是爱着我),344418,Twins,http://p2.music.126.net/icdfSZmawPHdYCkQB-E-RA==/109951163200171219.jpg,33979,3,2024-11-20 10:51:55,https://music.163.com/song?id=344418,Unknown,2024-11-20
2023-02-24,4:00,郑润泽,29051613,绽放,2025186889,梦游,http://p2.music.126.net/Ws93IUrJGR_lK-QEsdKTWw==/109951168408373477.jpg,160692469,4,2024-11-20 10:51:55,https://music.163.com/song?id=2025186889,Unknown,2024-11-20
2022-03-22,2:48,h3R3,12631485,再等冬天(Memories),1927693793,故事商铺·上,http://p2.music.126.net/JBe7AwcGkYHhleOfQvY2hg==/109951169798343077.jpg,146917329,3,2024-11-20 10:51:55,https://music.163.com/song?id=1927693793,Unknown,2024-11-20
2020-12-30,4:30,告五人,12676697,唯一,1807799505,运气来得若有似无,http://p2.music.126.net/5URIeP6GjMFg_hKhGloNTA==/109951165585701063.jpg,120954841,5,2024-11-20 10:51:55,https://music.163.com/song?id=1807799505,Unknown,2024-11-20
2007-10-23,4:57,周传雄,6652,青花,189602,蓝色土耳其,http://p2.music.126.net/prDyYpF9EsrLA4O13Tf5hw==/109951169874952327.jpg,19167,8,2024-11-20 10:51:55,https://music.163.com/song?id=189602,Unknown,2024-11-20
2024-01-21,2:53,"王宇宙Leto, 乔浚丞","49144727, 29785908",若月亮没来 (若是月亮还没来),2119795491,若月亮没来（若是月亮还没来）,http://p2.music.126.net/Bb50pyrAJzR3ZsjxILnO6A==/109951169278248355.jpg,183856439,1,2024-11-20 10:51:55,https://music.163.com/song?id=2119795491,Unknown,2024-11-20
2020-09-28,4:39,颜人中,31376161,夏夜最后的烟火,1482867143,夏夜最后的烟火,http://p2.music.126.net/i1p1CCz6PaDF2Gs0RqKJBQ==/109951165349625690.jpg,96058206,1,2024-11-20 10:51:55,https://music.163.com/song?id=1482867143,Unknown,2024-11-20
Unknown,4:49,颜人中,31376161,晚安,1359356908,晚安,http://p2.music.126.net/8N1fsMRm2L5HyZccc6I3ew==/109951164007377169.jpg,78570420,1,2024-11-20 10:51:55,https://music.163.com/song?id=1359356908,Unknown,2024-11-20
2024-11-05,2:42,Sasuke,37334229,曼陀罗华,2643535318,蔓·生花,http://p2.music.126.net/qHQleWDYNl8Ev_W4CjpL2A==/109951170121509486.jpg,252889579,1,2024-11-20 10:51:55,https://music.163.com/song?id=2643535318,Unknown,2024-11-20
2004-12-31,4:03,许慧欣,9950,七月七日晴,307780,万中选一,http://p2.music.126.net/OqkcG-E55JOfRw3rl8q3Ww==/109951169280559422.jpg,30564,11,2024-11-20 10:51:55,https://music.163.com/song?id=307780,Unknown,2024-11-20
2013-05-06,3:38,陆虎,3793,拉过勾的,26387325,花吃泡面男,http://p2.music.126.net/x-r68cAnC3yefRnibe9POg==/109951163077575462.jpg,2453010,5,2024-11-20 10:51:55,https://music.163.com/song?id=26387325,Unknown,2024-11-20
2006-11-22,4:18,陈奕迅,2116,富士山下,65766,What's Going On…?,http://p2.music.126.net/jzNxBp5DCER2_aKGsXeRww==/109951167435823724.jpg,6451,5,2024-11-20 10:51:55,https://music.163.com/song?id=65766,Unknown,2024-11-20
2024-08-15,2:24,沙一汀EL,31561897,普通女孩,2617646167,敏感小孩,http://p2.music.126.net/WuECsFeBOT916fCZwEfCCQ==/109951169874834260.jpg,245144455,5,2024-11-20 10:51:55,https://music.163.com/song?id=2617646167,Unknown,2024-11-20
2016-10-20,4:10,郭顶,2843,凄美地,436346833,飞行器的执行周期,http://p2.music.126.net/wSMfGvFzOAYRU_yVIfquAA==/2946691248081599.jpg,35005583,1,2024-11-20 10:51:55,https://music.163.com/song?id=436346833,Unknown,2024-11-20
2017-07-03,3:42,队长,1143033,哪里都是你,488249475,哪里都是你,http://p2.music.126.net/lnOnBbP_H-052Hv5ls-QjA==/109951162964628408.jpg,35702116,1,2024-11-20 10:51:55,https://music.163.com/song?id=488249475,Unknown,2024-11-20
Unknown,6:43,梁博,166010,曾经是情侣 (Live),1370880017,我是唱作人 第4期,http://p2.music.126.net/GLiLYkBs9Gq7TXOkMz1g0w==/109951164137683554.jpg,79696864,3,2024-11-20 10:51:55,https://music.163.com/song?id=1370880017,Unknown,2024-11-20
2023-03-29,3:13,"邹沛沛, Pank","48345452, 36341115",沉溺 (你让我的心不再结冰）,2034187125,沉溺（你让我的心不再结冰）,http://p2.music.126.net/WhsaW6an5oI4XZN0KhQ5fA==/109951168502947956.jpg,162622803,1,2024-11-20 10:51:55,https://music.163.com/song?id=2034187125,Unknown,2024-11-20
2014-04-10,4:19,方大同,2738,特别的人,28403111,危险世界,http://p2.music.126.net/RTB72JJJapo01l4XfVDAWQ==/109951166349819975.jpg,2759704,8,2024-11-20 10:51:55,https://music.163.com/song?id=28403111,Unknown,2024-11-20
2023-07-09,3:50,就是南方凯,46360442,离别开出花,2061978961,离别开出花,http://p2.music.126.net/MgrERz_auwIi5Km64TxwjQ==/109951169154658797.jpg,169121960,1,2024-11-20 10:51:55,https://music.163.com/song?id=2061978961,Unknown,2024-11-20
Unknown,2:56,30年前，50年后,32099752,精卫,1951069525,丧失年轻，勿失年华,http://p2.music.126.net/jSH_ikeooxveWl0BTc3Xkg==/109951166786983190.jpg,137950781,1,2024-11-20 10:51:55,https://music.163.com/song?id=1951069525,Unknown,2024-11-20
2007-03-21,4:49,孙燕姿,9272,我怀念的,287063,逆光,http://p2.music.126.net/hIOFATG-3vNyYHOj31Tyew==/109951169829283327.jpg,28520,5,2024-11-20 10:51:55,https://music.163.com/song?id=287063,Unknown,2024-11-20
2021-09-24,4:25,王菲,9621,如愿,1888381008,如愿,http://p2.music.126.net/SvTfw8UsSPbt6bk-i0n3IQ==/109951166537609949.jpg,135011910,1,2024-11-20 10:51:55,https://music.163.com/song?id=1888381008,Unknown,2024-11-20
2008-10-17,3:45,林俊杰,3684,Always Online,108485,JJ陆,http://p2.music.126.net/hClw_8dZJ1fq5L3SKI_oaA==/109951168111262960.jpg,10770,7,2024-11-20 10:51:55,https://music.163.com/song?id=108485,Unknown,2024-11-20
2023-04-20,3:51,林俊杰,3684,愿与愁,2041026502,愿与愁,http://p2.music.126.net/vtnI8JpimWnZSzkXdmIB3w==/109951168558210782.jpg,164109253,1,2024-11-20 10:51:55,https://music.163.com/song?id=2041026502,Unknown,2024-11-20
2015-11-05,3:36,G.E.M.邓紫棋,7763,多远都要在一起,30612793,新的心跳,http://p2.music.126.net/kVwk6b8Qdya8oDyGDcyAVA==/1364493930777368.jpg,3189002,1,2024-11-20 10:51:55,https://music.163.com/song?id=30612793,Unknown,2024-11-20
2012-07-19,4:33,刘佳,4188,爱的就是你,1969013954,陪你走过每个春天,http://p2.music.126.net/4gaZmKGGDK0afmp_MCSkSw==/109951167739577479.jpg,149064228,13,2024-11-20 10:51:55,https://music.163.com/song?id=1969013954,Unknown,2024-11-20
2016-11-24,5:25,郭顶,2843,水星记,441491828,飞行器的执行周期,http://p2.music.126.net/wSMfGvFzOAYRU_yVIfquAA==/2946691248081599.jpg,35005583,5,2024-11-20 10:51:55,https://music.163.com/song?id=441491828,Unknown,2024-11-20
2020-01-13,3:43,陈奕迅,2116,稳稳的幸福,25730757,稳稳的幸福,http://p2.music.126.net/6F3SnAcWk-qQslrYRxhTlQ==/109951166578464485.jpg,2302128,1,2024-11-20 10:51:55,https://music.163.com/song?id=25730757,Unknown,2024-11-20
2017-05-01,4:22,盛哲,12395355,在你的身边,475479888,在你的身边,http://p2.music.126.net/AYNBdRxJ8EdZo4xFjp7b4Q==/109951163191178425.jpg,35438746,1,2024-11-20 10:51:55,https://music.163.com/song?id=475479888,Unknown,2024-11-20
2019-11-30,3:49,颜人中,31376161,有些,1406649619,失眠症候群,http://p2.music.126.net/8DkTnzi7jdjWGYl4qbwLCg==/109951164517295956.jpg,83770787,4,2024-11-20 10:51:55,https://music.163.com/song?id=1406649619,Unknown,2024-11-20
2022-06-29,3:30,"李荣浩, 梁咏琪","4292, 8329",紫荆花盛开,1959528822,紫荆花盛开,http://p2.music.126.net/R7yzr15Ftp4Mf59kTvy_uA==/109951167605022957.jpg,147166235,0,2024-11-20 10:51:55,https://music.163.com/song?id=1959528822,Unknown,2024-11-20
Unknown,6:43,梁博,166010,出现又离开 (Live),1363553440,我是唱作人 第2期,http://p2.music.126.net/mAV2OH6nPJd4XLwn80kwpA==/109951164054054313.jpg,78953794,3,2024-11-20 10:51:55,https://music.163.com/song?id=1363553440,Unknown,2024-11-20
2018-08-25,4:30,棱镜乐队,1085047,总有一天你会出现在我身边,1303027499,一次有预谋的初次相遇,http://p2.music.126.net/RfUHXkanpxImcaGqFNWBeA==/109951163598901405.jpg,73702798,1,2024-11-20 10:51:55,https://music.163.com/song?id=1303027499,Unknown,2024-11-20
2007-07-12,4:07,王力宏,5346,我们的歌,25642952,改变自己,http://p2.music.126.net/lHab-TuxFpGuCCv661i7eg==/109951163095170102.jpg,2263157,5,2024-11-20 10:51:55,https://music.163.com/song?id=25642952,Unknown,2024-11-20
2022-04-18,2:50,"Starling8, MoreLearn 27, FIVESTAR","36772893, 31002901, 51613721",苦茶子,1922888354,埋汰,http://p2.music.126.net/VjXYNoGC3lXajZDs0r35XQ==/109951167852652412.jpg,151125530,1,2024-11-20 10:51:55,https://music.163.com/song?id=1922888354,Unknown,2024-11-20
2017-03-05,3:46,张叶蕾,12213291,还是分开,465921195,还是分开,http://p2.music.126.net/tH5FdakJX47uy8mlM0GMWQ==/19218363741925314.jpg,35287063,1,2024-11-20 10:51:55,https://music.163.com/song?id=465921195,Unknown,2024-11-20
Unknown,3:47,李润祺,12929031,茫,1495058484,茫,http://p2.music.126.net/ok5Z4QtDLW9MfadKSGOldQ==/109951165563657438.jpg,98268708,0,2024-11-20 10:51:55,https://music.163.com/song?id=1495058484,Unknown,2024-11-20
2019-12-13,3:55,G.E.M.邓紫棋,7763,句号,1405283464,摩天动物园,http://p2.music.126.net/KTo5oSxH3CPA5PBTeFKDyA==/109951164581432409.jpg,84391762,12,2024-11-20 10:51:55,https://music.163.com/song?id=1405283464,Unknown,2024-11-20
Unknown,3:25,"陈粒, 孟维来","1007170, 30470286",野人 (Live版),2644174802,有歌2024 第5期,http://p2.music.126.net/9nIJCrQiqS68xwp1ehipOw==/109951170127092947.jpg,253091355,4,2024-11-20 10:51:55,https://music.163.com/song?id=2644174802,Unknown,2024-11-20
2016-07-25,4:00,陈粒,1007170,虚拟,421423808,小梦大半,http://p2.music.126.net/HQxTggMCB7AHUXN-ZFEtmA==/1371091013186741.jpg,34780579,9,2024-11-20 10:51:55,https://music.163.com/song?id=421423808,Unknown,2024-11-20
2020-03-31,3:38,周公,33850620,不说 (原来是不说),1436117704,不说,http://p2.music.126.net/4mN_bQBA73s7i6uQxIFAbA==/109951169297707016.jpg,87190814,1,2024-11-20 10:51:55,https://music.163.com/song?id=1436117704,Unknown,2024-11-20
2012-11-22,4:48,方大同,2738,麦恩莉,25648006,回到未来,http://p1.music.126.net/8I4zvpNSsj--wGNg-mE2kw==/109951168870428045.jpg,2265001,6,2024-11-20 10:51:55,https://music.163.com/song?id=25648006,Unknown,2024-11-20
2023-07-09,4:36,单依纯,29802127,想你时风起,2062623445,我的人间烟火 电视剧原声带,http://p2.music.126.net/jdtkAVxASgsZtN243m19NA==/109951168728196721.jpg,169269527,4,2024-11-20 10:51:55,https://music.163.com/song?id=2062623445,Unknown,2024-11-20
2018-12-02,5:25,买辣椒也用券,12085562,起风了,1330348068,起风了,http://p2.music.126.net/diGAyEmpymX8G7JcnElncQ==/109951163699673355.jpg,74715426,1,2024-11-20 10:51:55,https://music.163.com/song?id=1330348068,Unknown,2024-11-20
2009-06-17,3:32,张芸京,10572,偏爱,86369,仙剑奇侠传三 电视原声带,http://p2.music.126.net/a4KYp477snGHe3ZyjVpe1w==/109951165351505570.jpg,8466,6,2024-11-20 10:51:55,https://music.163.com/song?id=86369,Unknown,2024-11-20
2018-05-02,4:00,张紫豪,13906123,可不可以,553755659,可不可以,http://p2.music.126.net/WafK2OQfEtqXitdDXJ772Q==/109951163252847249.jpg,38385235,1,2024-11-20 10:51:55,https://music.163.com/song?id=553755659,Unknown,2024-11-20
Unknown,4:52,告五人,12676697,爱人错过,1368754688,我肯定在几百年前就说过爱你,http://p2.music.126.net/5JLQMl8xASllDubCWb9WHw==/109951164111703663.jpg,79515295,1,2024-11-20 10:51:55,https://music.163.com/song?id=1368754688,Unknown,2024-11-20
2022-03-09,4:36,郑润泽,29051613,小胡同,1926623288,小胡同,http://p2.music.126.net/QsebYbDgQtKelH6r1iE2Fg==/109951167129280730.jpg,141510248,1,2024-11-20 10:51:55,https://music.163.com/song?id=1926623288,Unknown,2024-11-20
2019-12-24,4:59,告五人,12676697,带我去找夜生活,1410647903,带我去找夜生活,http://p2.music.126.net/lmCtt6-3fOPSdA1uwGCY5Q==/109951164567402626.jpg,84219287,1,2024-11-20 10:51:55,https://music.163.com/song?id=1410647903,Unknown,2024-11-20
Unknown,4:20,"菲道尔, Dior大颖","34908208, 36706730",在加纳共和国离婚 (你还爱我吗),2072639869,在加纳共和国离婚,http://p2.music.126.net/WuRlLMuXJO9rsT_nx4lLgA==/109951169509984289.jpg,172172609,1,2024-11-20 10:51:55,https://music.163.com/song?id=2072639869,Unknown,2024-11-20
Unknown,3:59,"董唧唧, 何村猪","12760523, 47841055",想你 (我和你的关系),2638631174,想你,http://p2.music.126.net/tbONLs8n2NgEoha7kmFWmA==/109951170144470387.jpg,251402245,1,2024-11-20 10:51:55,https://music.163.com/song?id=2638631174,Unknown,2024-11-20
2008-12-31,3:52,草蜢,11265,半点心,349981,Grasshopper Ⅳ,http://p2.music.126.net/n9lKjrDlYFGrEjZkLwhL0w==/109951169342451691.jpg,34497,6,2024-11-20 10:51:55,https://music.163.com/song?id=349981,Unknown,2024-11-20
Unknown,2:44,李荣浩,4292,慢冷 (Live),1969822728,2022中国好声音 第1期,http://p2.music.126.net/jElhQmMdFiVFtFPvWtVbFw==/109951167749864067.jpg,149250713,2,2024-11-20 10:51:55,https://music.163.com/song?id=1969822728,Unknown,2024-11-20
2008-11-14,3:26,蔡健雅,7214,红色高跟鞋,208902,若你碰到他,http://p1.music.126.net/jJOaqlez9x5VofjgB7B_Bw==/109951166195459631.jpg,21252,4,2024-11-20 10:51:55,https://music.163.com/song?id=208902,Unknown,2024-11-20
2023-02-03,3:09,郑润泽,29051613,遐想,2018733994,梦游,http://p1.music.126.net/Ws93IUrJGR_lK-QEsdKTWw==/109951168408373477.jpg,160692469,12,2024-11-20 10:51:55,https://music.163.com/song?id=2018733994,Unknown,2024-11-20
Unknown,4:52,"汪苏泷, 徐佳莹","5538, 9940",如果可以 (Live版),2149816863,天赐的声音第五季 第1期,http://p2.music.126.net/9AP_AJLaACliGYpclAlz2g==/109951169534405328.jpg,193692363,2,2024-11-20 10:51:55,https://music.163.com/song?id=2149816863,Unknown,2024-11-20
2018-02-26,3:44,"九块钱, Max不爱说话","12433657, 12641108",颓,541648644,颓,http://p2.music.126.net/yDgcXp3ayvuHbFkKTwfeWA==/109951163165588935.jpg,37745279,1,2024-11-20 10:51:55,https://music.163.com/song?id=541648644,Unknown,2024-11-20
2024-07-13,3:16,"曾舜晞, JORDANN","12008056, 338718",Dehors（中法合唱版）,2607303573,Dehors,http://p2.music.126.net/PwwgQoOeILQbWi4O2kqhJg==/109951169775041084.jpg,241958316,1,2024-11-20 10:51:55,https://music.163.com/song?id=2607303573,Unknown,2024-11-20
Unknown,2:33,C.HØPE,34172520,沉沦与遐想,1492584510,沉沦与遐想,http://p2.music.126.net/7BgLADW7ZJqPizR918S5UQ==/109951166179751996.jpg,130342502,2,2024-11-20 10:51:55,https://music.163.com/song?id=1492584510,Unknown,2024-11-20
2013-12-30,3:47,家家,690001,命运,2005492223,为你的寂寞唱歌,http://p2.music.126.net/sf5h4QpYty8fKiLrpwJKqw==/109951168144061436.jpg,2739012,13,2024-11-20 10:51:55,https://music.163.com/song?id=2005492223,Unknown,2024-11-20
Unknown,3:06,"Aioz, 刘思达LOFTHESTAR, 张天枢","29235210, 12030367, 33371675",算了吧,1908049566,算了吧,http://p2.music.126.net/imN8WzDuirHVdFm4-E3ofA==/109951166871655381.jpg,138203677,1,2024-11-20 10:51:55,https://music.163.com/song?id=1908049566,Unknown,2024-11-20
2011-11-17,4:23,蔡健雅,7214,Letting Go,208891,说到爱,http://p2.music.126.net/VTZde5VdBm_u2WH0Pc9HQQ==/109951165561227373.jpg,21250,8,2024-11-20 10:51:55,https://music.163.com/song?id=208891,Unknown,2024-11-20
2010-09-16,4:05,江语晨,8153,最后一页,247936,恋习,http://p2.music.126.net/XvVUZQTCxmhjNOcfEnJYew==/109951163610134059.jpg,24837,2,2024-11-20 10:51:55,https://music.163.com/song?id=247936,Unknown,2024-11-20
2013-12-19,3:52,张杰,6472,他不懂,28059417,爱，不解释,http://p2.music.126.net/mW53BkMgGy37I7yVrUg-aQ==/109951163117902077.jpg,2643348,1,2024-11-20 10:51:55,https://music.163.com/song?id=28059417,Unknown,2024-11-20
2006-12-31,4:45,陈奕迅,2116,淘汰,65528,认了吧,http://p2.music.126.net/o_OjL_NZNoeog9fIjBXAyw==/18782957139233959.jpg,6434,2,2024-11-20 10:51:55,https://music.163.com/song?id=65528,Unknown,2024-11-20
2020-10-08,2:26,"Michael Calfan, INNA","129236, 60848",Call Me Now,1485309632,Call Me Now,http://p2.music.126.net/UZ8EUcmvo2z90Rmw5xu6yw==/109951165373625420.jpg,96491610,1,2024-11-20 10:51:55,https://music.163.com/song?id=1485309632,Unknown,2024-11-20
2013-06-13,3:53,南征北战NZBZ,189873,原来,28892418,青春派 电影原声带,http://p2.music.126.net/v0LaYOX44ZiJjC1bzZbKOg==/109951163884032084.jpg,2630008,20,2024-11-20 10:51:55,https://music.163.com/song?id=28892418,Unknown,2024-11-20
2020-07-16,4:17,薛之谦,5781,天外来物,1463165983,天外来物,http://p2.music.126.net/MgH6SepYHboKPr6FR8yg-w==/109951167040040692.jpg,121012393,1,2024-11-20 10:51:55,https://music.163.com/song?id=1463165983,Unknown,2024-11-20
2019-04-16,3:41,阿虾,31093891,我愿,1359382613,我愿,http://p2.music.126.net/LSABk4kFpxAAgRCAJR3lfg==/109951164005597173.jpg,78533027,1,2024-11-20 10:51:55,https://music.163.com/song?id=1359382613,Unknown,2024-11-20
2020-02-19,3:35,毛不易,12138269,一程山路,1417849873,小王,http://p2.music.126.net/XPPeIZu7wgcGXZ0666mfFg==/109951164640697307.jpg,83823905,3,2024-11-20 10:51:55,https://music.163.com/song?id=1417849873,Unknown,2024-11-20
Unknown,4:11,"小霞, 海洋Bo","1192268, 36985903",向云端,2049512697,向云端,http://p2.music.126.net/TmOHxaGnFNlwNX8aPz66oA==/109951168638913915.jpg,166146490,1,2024-11-20 10:51:55,https://music.163.com/song?id=2049512697,Unknown,2024-11-20
2024-02-05,3:34,周深,1030001,小美满,2124381474,小美满,http://p2.music.126.net/ve0l1aPRUBPP7e4x2Oz5DA==/109951169318479430.jpg,185229004,1,2024-11-20 10:51:55,https://music.163.com/song?id=2124381474,Unknown,2024-11-20
Unknown,3:22,"7opy, BT07","32897995, 12138038",晚风,1441758494,晚风,http://p2.music.126.net/lCblKUB1hLND5FxiVI1_Lw==/109951164919449758.jpg,88188476,1,2024-11-20 10:51:55,https://music.163.com/song?id=1441758494,Unknown,2024-11-20
Unknown,4:14,郑润泽,29051613,你,1406083061,你,http://p2.music.126.net/OvnvQlFc8QSD7UnqtM9YYw==/109951164512103081.jpg,83644044,1,2024-11-20 10:51:55,https://music.163.com/song?id=1406083061,Unknown,2024-11-20
2018-11-23,3:45,Corki刘宗鑫,14608268,下坠Falling,1328146041,下坠Falling,http://p2.music.126.net/TyQNalBMYwsCOl5sq_NBTA==/109951164573566845.jpg,74495488,1,2024-11-20 10:51:55,https://music.163.com/song?id=1328146041,Unknown,2024-11-20
Unknown,3:11,"IRXD7, BROWN RECORD","51959578, 52509843",Lush Life x Paradise,2088107815,Lush Life x Paradise,http://p2.music.126.net/hDKFAVSV_dRZyvZZurLSOw==/109951170114614505.jpg,176244132,1,2024-11-20 10:51:55,https://music.163.com/song?id=2088107815,Unknown,2024-11-20
2023-04-24,3:22,海洋Bo,36985903,普通人生,2041799838,普通人生,http://p2.music.126.net/Z7SFxeQ5LH4YQP_7gOjWbw==/109951168565288639.jpg,164273950,1,2024-11-20 10:51:55,https://music.163.com/song?id=2041799838,Unknown,2024-11-20
2020-11-23,2:33,蒋小呢,37540088,给你呀（又名：for ya）,1497588709,for ya,http://p2.music.126.net/GI1Ex39x73zBT-1r7_o-sQ==/109951165494781109.jpg,98659782,1,2024-11-20 10:51:55,https://music.163.com/song?id=1497588709,Unknown,2024-11-20
Unknown,3:35,"h3R3, 高旭","12631485, 33900743",他只是经过,1443838552,他只是经过,http://p2.music.126.net/wUog39IHoJb76pL0AVCFNQ==/109951165348116023.jpg,89924258,1,2024-11-20 10:51:55,https://music.163.com/song?id=1443838552,Unknown,2024-11-20
2022-08-28,5:00,赵雷,6731,程艾影,1974443815,署前街少年,http://p2.music.126.net/9bVOooAY6U6EJLzpv1Fikw==/109951169682871673.jpg,150127127,7,2024-11-20 10:51:55,https://music.163.com/song?id=1974443815,Unknown,2024-11-20
2002-07-31,4:23,陈绮贞,7217,太聪明,209397,Groupies吉他手,http://p2.music.126.net/Mvv6oyi8XjVfAIk0Lg76aA==/109951165876268707.jpg,21302,2,2024-11-20 10:51:55,https://music.163.com/song?id=209397,Unknown,2024-11-20
Unknown,4:31,yihuik苡慧,36032190,致你,1867217766,致你,http://p2.music.126.net/VDmN2dNpIFu4gTv4bZe6KQ==/109951166254691365.jpg,131405806,1,2024-11-20 10:51:55,https://music.163.com/song?id=1867217766,Unknown,2024-11-20
2022-09-07,4:04,"海洋Bo, 高睿","36985903, 33850806",我的美丽feat.海洋Bo,1979417838,我的美丽feat.海洋Bo,http://p2.music.126.net/8ZpCzo4gEeCAQyXAGYXKUQ==/109951167854450663.jpg,151156371,1,2024-11-20 10:51:55,https://music.163.com/song?id=1979417838,Unknown,2024-11-20
2019-10-07,4:37,"国风堂, 哦漏","31862479, 1085108",知我,1394167216,知我,http://p2.music.126.net/_etyUh1ofScyTMFArsJXWg==/109951164415301539.jpg,82041721,1,2024-11-20 10:51:55,https://music.163.com/song?id=1394167216,Unknown,2024-11-20
Unknown,4:03,邵帅,29392693,暖一杯茶,1371780785,暖一杯茶,http://p2.music.126.net/dAP3RXAs9dA73zNYz_3XSg==/109951164151547523.jpg,79791576,0,2024-11-20 10:51:55,https://music.163.com/song?id=1371780785,Unknown,2024-11-20
2016-07-11,3:20,余佳运,1079074,和你,420401511,幸福三部曲,http://p2.music.126.net/O6d7GYY3gp2uy8zehvcOjQ==/17699938184267410.jpg,34812365,2,2024-11-20 10:51:55,https://music.163.com/song?id=420401511,Unknown,2024-11-20
2018-08-15,3:49,G.E.M.邓紫棋,7763,倒数,1299550532,另一个童话,http://p2.music.126.net/tXCIFsVDK6IKcQ9YWxwOEg==/109951163523944497.jpg,72709830,1,2024-11-20 10:51:55,https://music.163.com/song?id=1299550532,Unknown,2024-11-20
2009-05-07,4:23,郭采洁,7762,你在 不在,233921,爱异想,http://p2.music.126.net/BOJFccTyXkUrcRSeCGoBgg==/109951164081870241.jpg,23495,4,2024-11-20 10:51:55,https://music.163.com/song?id=233921,Unknown,2024-11-20
2019-02-10,3:45,沈以诚,12002248,形容,1336856864,初遇,http://p2.music.126.net/1iLwRvMtUMYLZUNR-HQW7Q==/109951163957708692.jpg,78232124,1,2024-11-20 10:51:55,https://music.163.com/song?id=1336856864,Unknown,2024-11-20
2023-07-24,3:27,"卢卢快闭嘴, 刘思达LOFTHESTAR","35136304, 12030367",猜不透（说唱版）,2066713227,猜不透（说唱版）,http://p2.music.126.net/kxdJ8uEcA3adr7yOyzr-wQ==/109951168761319599.jpg,170270173,1,2024-11-20 10:51:55,https://music.163.com/song?id=2066713227,Unknown,2024-11-20
2018-01-25,4:59,胡彦斌,3066,你要的全拿走,529668356,覅忒好,http://p2.music.126.net/um599QnnJiNQhZgWLtgmXw==/109951168111322942.jpg,37391092,3,2024-11-20 10:51:55,https://music.163.com/song?id=529668356,Unknown,2024-11-20
Unknown,5:07,邵帅,29392693,南风北巷,1471039968,南风北巷,http://p2.music.126.net/6Ez2NY5k1TMZ1SZsGfjMFQ==/109951165241101022.jpg,93957969,0,2024-11-20 10:51:55,https://music.163.com/song?id=1471039968,Unknown,2024-11-20
Unknown,4:44,颜人中,31376161,嗜好,1391891631,嗜好,http://p2.music.126.net/J6HaJjtgv-yVVjyUm-h-AA==/109951164373633387.jpg,81762080,1,2024-11-20 10:51:55,https://music.163.com/song?id=1391891631,Unknown,2024-11-20
2006-12-31,4:19,陈奕迅,2116,爱情转移,65536,认了吧,http://p1.music.126.net/o_OjL_NZNoeog9fIjBXAyw==/18782957139233959.jpg,6434,6,2024-11-20 10:51:55,https://music.163.com/song?id=65536,Unknown,2024-11-20
2005-01-04,4:18,蔡健雅,7214,下一次爱情来的时候,209046,双栖动物,http://p2.music.126.net/XimQqI8ilRweP5yd8pQVSQ==/109951168637068609.jpg,21271,5,2024-11-20 10:51:55,https://music.163.com/song?id=209046,Unknown,2024-11-20
2005-01-20,4:52,陶喆,5196,爱我还是他,150432,太平盛世,http://p2.music.126.net/ZR6QuByWgej9-aRhZjLqHw==/109951163803188844.jpg,15185,6,2024-11-20 10:51:55,https://music.163.com/song?id=150432,Unknown,2024-11-20
2018-06-13,4:14,廖俊涛,13022016,谁 (Live版),566436427,这个人创作LIVE现场辑,http://p2.music.126.net/7HzttIveECGYRhAjKCCdfg==/109951163315608239.jpg,39263103,4,2024-11-20 10:51:55,https://music.163.com/song?id=566436427,Unknown,2024-11-20
2013-11-12,4:52,时光胶囊,855599,青丝,30500857,记忆给他的礼物,http://p2.music.126.net/szRyfZ3Dgq6OTe-b4VYtyg==/7775746231888644.jpg,3100556,1,2024-11-20 10:51:55,https://music.163.com/song?id=30500857,Unknown,2024-11-20
1999-11-30,4:15,陶喆,5196,天天,150633,I'm OK,http://p2.music.126.net/tMQXBMTy8pGjGggX1j0YNQ==/109951169389595068.jpg,15196,11,2024-11-20 10:51:55,https://music.163.com/song?id=150633,Unknown,2024-11-20
2024-01-04,6:18,"Max Oazo, Moonessa","13159084, 29834706",Once Upon A Time (House Mix),2114626833,Once Upon A Time (Melodic House & Techno),http://p2.music.126.net/tyMdxKFIdPdc59zPGTuXuA==/109951169237097692.jpg,182541896,4,2024-11-20 10:51:55,https://music.163.com/song?id=2114626833,Unknown,2024-11-20
2021-12-31,3:54,"队长, 黄礼格","1143033, 1019154",11,1907766514,11,http://p2.music.126.net/DMJkxcW5QbeWg_DZMASfSw==/109951169494228942.jpg,138162415,1,2024-11-20 10:51:55,https://music.163.com/song?id=1907766514,Unknown,2024-11-20
2024-10-03,3:42,Coldplay,89365,ALL MY LOVE,2632530288,Moon Music,http://p2.music.126.net/3od04f4i4-zbLWi8feGTCA==/109951170005846444.jpg,249457299,9,2024-11-20 10:51:55,https://music.163.com/song?id=2632530288,Unknown,2024-11-20
2016-07-19,4:53,AGA,768208,孤雏,421486605,孤雏,http://p2.music.126.net/1plA3qURt0VPElgnaTRg2w==/18302470556355853.jpg,34732928,1,2024-11-20 10:51:55,https://music.163.com/song?id=421486605,Unknown,2024-11-20
2024-05-30,3:21,"陈楚生, 王赫野","2124, 47091532",不如回家喝自来水 (Live版),2161527760,天赐的声音第五季 第6期,http://p2.music.126.net/NCsnuLNwwh8u2GuiFOLsDg==/109951169638223106.jpg,197888525,1,2024-11-20 10:51:55,https://music.163.com/song?id=2161527760,Unknown,2024-11-20
Unknown,4:27,"张信哲, 江皓南","6454, 12471927",褪黑素 (Live版),2644174830,有歌2024 第5期,http://p2.music.126.net/9nIJCrQiqS68xwp1ehipOw==/109951170127092947.jpg,253091355,5,2024-11-20 10:51:55,https://music.163.com/song?id=2644174830,Unknown,2024-11-20
2024-10-15,2:24,伍六七,37005591,不懂她,2636746926,不懂她,http://p2.music.126.net/JkVODj-a9tBs7ZBgiX0E6A==/109951170046955258.jpg,250775094,1,2024-11-20 10:51:55,https://music.163.com/song?id=2636746926,Unknown,2024-11-20
2024-07-30,2:12,"DLSS, Xun Jia","33574298, 60977066",Moonlit Dream,2613048732,Moonlit Dream,http://p2.music.126.net/cXuoNwFzgFoQF7bGvC2mIQ==/109951169832660411.jpg,243588791,1,2024-11-20 10:51:55,https://music.163.com/song?id=2613048732,Unknown,2024-11-20
2018-07-11,3:09,Kirsty刘瑾睿,12499721,若把你,865632948,若把你,http://p2.music.126.net/M877M2-VhWZiLPVFORf9iQ==/109951163401482434.jpg,71783637,1,2024-11-20 10:51:55,https://music.163.com/song?id=865632948,Unknown,2024-11-20
2007-12-31,4:45,陈奕迅,2116,不要说话,25906124,不想放手,http://p2.music.126.net/96L4ojVi9N3tdHk3r3GXjQ==/109951163066640079.jpg,2339617,7,2024-11-20 10:51:55,https://music.163.com/song?id=25906124,Unknown,2024-11-20
2023-03-06,3:08,刘大拿,29588305,我们的歌,2025533834,我们的歌,http://p2.music.126.net/Gm2v1KrDe2TwplzxcmTxYg==/109951168428025131.jpg,160760191,1,2024-11-20 10:51:55,https://music.163.com/song?id=2025533834,Unknown,2024-11-20
2015-03-11,4:39,阿肆,7122,直到你降临,1459261754,直到你降临,http://p2.music.126.net/2B_3fKAz01SICX6YSitO_Q==/109951166200335910.jpg,91757316,1,2024-11-20 10:51:55,https://music.163.com/song?id=1459261754,Unknown,2024-11-20
2021-05-06,4:45,莫文蔚,8926,这世界那么多人,1842025914,这世界那么多人,http://p2.music.126.net/LOTxqRjFm03VJEOHJbUqMw==/109951165944804127.jpg,126837556,1,2024-11-20 10:51:55,https://music.163.com/song?id=1842025914,Unknown,2024-11-20
2017-08-26,4:29,买辣椒也用券,12085562,第三人称,502043537,第三人称,http://p2.music.126.net/nOVxBaX0IG1PsV4WfSoodA==/109951164379891919.jpg,36067044,1,2024-11-20 10:51:55,https://music.163.com/song?id=502043537,Unknown,2024-11-20
2009-07-16,3:46,林依晨,8335,恶作剧,255574,幸福遇见,http://p2.music.126.net/DBxURY3cIspQqY0Jl91MQg==/109951165625481274.jpg,25525,7,2024-11-20 10:51:55,https://music.163.com/song?id=255574,Unknown,2024-11-20
Unknown,2:30,"IRXD7, BROWN RECORD","51959578, 52509843",Hate Me,2625288251,Hate Me,http://p2.music.126.net/t0972GB_vzSiHM4BqRGUdg==/109951169931370113.jpg,247314405,1,2024-11-20 10:51:55,https://music.163.com/song?id=2625288251,Unknown,2024-11-20
Unknown,3:36,en,32220939,匿名的好友,2638621689,匿名的好友,http://p2.music.126.net/UiXCbh42gRUxRyZL_hllKQ==/109951170062464612.jpg,251400938,1,2024-11-20 10:51:55,https://music.163.com/song?id=2638621689,Unknown,2024-11-20
2018-04-07,3:28,很美味,12358435,April Encounter,551400874,四月邂逅,http://p2.music.126.net/dHea1IM0_f0t23Woicehxw==/109951163243188849.jpg,38230553,1,2024-11-20 10:51:55,https://music.163.com/song?id=551400874,Unknown,2024-11-20
2024-05-02,4:18,"汪苏泷, 张碧晨","5538, 1024308",命运 (Live版),2151849447,天赐的声音第五季 第2期,http://p2.music.126.net/6YvvqrDQ8OuTn7jwWJ0F2w==/109951169553177208.jpg,194379564,5,2024-11-20 10:51:55,https://music.163.com/song?id=2151849447,Unknown,2024-11-20
2016-06-22,4:39,薛之谦,5781,我好像在哪见过你,417859631,初学者,http://p2.music.126.net/hti_a0LADoFMBHvOBwAtRA==/1369991500930171.jpg,34780271,3,2024-11-20 10:51:55,https://music.163.com/song?id=417859631,Unknown,2024-11-20
2024-02-07,2:41,刀酱,56895942,5:20AM,2124731026,5:20AM,http://p2.music.126.net/RjiI9yP2Fnxx5cxiTVCIrQ==/109951169318905148.jpg,185346246,1,2024-11-20 10:51:55,https://music.163.com/song?id=2124731026,Unknown,2024-11-20
2023-03-29,3:37,step.jad依加,12275767,迷宫,2033897126,迷宫,http://p2.music.126.net/KA4OfYKYT1b_3W94CIrwDg==/109951168500881027.jpg,162552648,1,2024-11-20 10:51:55,https://music.163.com/song?id=2033897126,Unknown,2024-11-20
2023-09-24,4:06,邓垚,56393302,诀别书,2038191895,诀别书,http://p2.music.126.net/wztA5smxFjIfv98u7-IrQQ==/109951168933355255.jpg,163442170,1,2024-11-20 10:51:55,https://music.163.com/song?id=2038191895,Unknown,2024-11-20
2017-05-07,3:15,JORDANN,338718,Dehors,1815725297,Dehors,http://p2.music.126.net/7IM_iRaCe2Pe9TU7PMTdqQ==/109951169635570073.jpg,122257911,1,2024-11-20 10:51:55,https://music.163.com/song?id=1815725297,Unknown,2024-11-20
2024-07-19,3:39,苏星婕,46966451,小孩,2609560494,小孩,http://p2.music.126.net/QaxduhVE1x8vSb6UuYI-eQ==/109951169797775608.jpg,242638951,1,2024-11-20 10:51:55,https://music.163.com/song?id=2609560494,Unknown,2024-11-20
2023-10-30,2:37,江楠江楠_,55066357,不属于地球上的,2095242387,不属于地球上的,http://p2.music.126.net/VP0D1c8UACrLoD_j0AdnxQ==/109951169020013987.jpg,177972341,1,2024-11-20 10:51:55,https://music.163.com/song?id=2095242387,Unknown,2024-11-20
2010-08-17,3:58,"许嵩, 何曼婷","5771, 8022",素颜,167827,素颜,http://p2.music.126.net/t3ogpTd1bIJpwokhkpBtwQ==/109951169829246225.jpg,16949,1,2024-11-20 10:51:55,https://music.163.com/song?id=167827,Unknown,2024-11-20
2017-04-04,4:07,J. Sheon,187010,别问很可怕,469998923,You'll Never Know / 别问很可怕,http://p2.music.126.net/p32Vxm4KZyPhjfrH1mL_hQ==/109951165958858268.jpg,35328336,2,2024-11-20 10:51:55,https://music.163.com/song?id=469998923,Unknown,2024-11-20
2024-07-18,2:40,罗森涛,48082785,爱慢慢慢慢来,2609291566,为何离开,http://p2.music.126.net/5zAv9nKlwj80OearK5Vrjw==/109951169686963932.jpg,199391684,6,2024-11-20 10:51:55,https://music.163.com/song?id=2609291566,Unknown,2024-11-20
2014-11-25,4:34,孙盛希,954154,少一点天分,543798652,|希。O2 | 初雪限定,http://p2.music.126.net/1QT6pMrufe1LjwVOgDJ81w==/109951163176818589.jpg,37873196,1,2024-11-20 10:51:55,https://music.163.com/song?id=543798652,Unknown,2024-11-20
2006-01-10,4:43,金海心,8151,阳光下的星星,247821,独立日,http://p2.music.126.net/qx1f3oMS-vPSrfdvYZMl8A==/109951167193041941.jpg,24826,1,2024-11-20 10:51:55,https://music.163.com/song?id=247821,Unknown,2024-11-20
1999-11-30,4:15,陶喆,5196,普通朋友,150623,I'm OK,http://p2.music.126.net/tMQXBMTy8pGjGggX1j0YNQ==/109951169389595068.jpg,15196,5,2024-11-20 10:51:55,https://music.163.com/song?id=150623,Unknown,2024-11-20
2024-08-19,2:53,揽佬SKAI ISYOURGOD,31055231,八方来财,2618710186,八方来财,http://p2.music.126.net/58N079jvKRzZtQDCzAkKxg==/109951169885496931.jpg,245434399,1,2024-11-20 10:51:55,https://music.163.com/song?id=2618710186,Unknown,2024-11-20
2023-02-03,4:06,林俊杰,3684,达尔文,2019573476,"JJ的咖啡调调, Vol. 2",http://p2.music.126.net/ssPAqFStzmN4KKsHQGrfbg==/109951169493493172.jpg,159400773,6,2024-11-20 10:51:55,https://music.163.com/song?id=2019573476,Unknown,2024-11-20
Unknown,2:34,"伍六七, 6SP","37005591, 34825469",恋痛,2643121166,恋痛,http://p2.music.126.net/mOS4AY8Z0L9dnbZiq8AmKQ==/109951170117745247.jpg,252764486,1,2024-11-20 10:51:55,https://music.163.com/song?id=2643121166,Unknown,2024-11-20
2018-03-30,3:53,印子月,1026105,落空,548885986,印子月歌曲集,http://p2.music.126.net/k0DBVCvajyEDY9cDAn0C-g==/109951167898411727.jpg,38076232,5,2024-11-20 10:51:55,https://music.163.com/song?id=548885986,Unknown,2024-11-20
Unknown,3:21,四熹丸子,30784970,秋风 (粤语版),2642284128,秋风 (粤语版),http://p2.music.126.net/D9ZZiHZJ2C77YTb1Keb5Hg==/109951170104843417.jpg,252578363,1,2024-11-20 10:51:55,https://music.163.com/song?id=2642284128,Unknown,2024-11-20
2019-05-02,4:31,毛不易,12138269,呓语,1417862046,小王,http://p2.music.126.net/XPPeIZu7wgcGXZ0666mfFg==/109951164640697307.jpg,83823905,9,2024-11-20 10:51:55,https://music.163.com/song?id=1417862046,Unknown,2024-11-20
2004-06-03,4:27,林俊杰,3684,江南,108914,第二天堂,http://p2.music.126.net/_0OAhWhIbg-nOP-6e4o-SA==/109951168111265583.jpg,10804,6,2024-11-20 10:51:55,https://music.163.com/song?id=108914,Unknown,2024-11-20
2013-06-02,3:55,EXO,759509,"Baby, Don't Cry (人鱼的眼泪)",26428032,The 1st Album XOXO (KISS&HUG),http://p2.music.126.net/jE-pJWN1TFqkEqJT6RShWw==/2289183209092034.jpg,2495077,2,2024-11-20 10:51:55,https://music.163.com/song?id=26428032,Unknown,2024-11-20
Unknown,4:25,"与少年他, 芝麻Mochi","35037364, 12195788",下雨天,1426112587,下雨天,http://p2.music.126.net/qRfggLX2Va3Wslqjr7FxSg==/109951164742550320.jpg,85998494,0,2024-11-20 10:51:55,https://music.163.com/song?id=1426112587,Unknown,2024-11-20
2020-08-05,4:25,林俊杰,3684,不为谁而作的歌,1468115100,上一首情歌 (国语精选),http://p2.music.126.net/vJ9vS_2uPOxyzRjR1y_ADg==/109951165199555863.jpg,93427116,30,2024-11-20 10:51:55,https://music.163.com/song?id=1468115100,Unknown,2024-11-20
2018-07-18,4:39,李荣浩,4292,年少有为,1293886117,耳朵,http://p2.music.126.net/tt8xwK-ASC2iqXNUXYKoDQ==/109951163606377163.jpg,73914415,7,2024-11-20 10:51:55,https://music.163.com/song?id=1293886117,Unknown,2024-11-20
Unknown,5:41,回春丹,27730224,鲜花,2086327879,鲜花,http://p2.music.126.net/fKJMTONzRMaeVthOmEvd9A==/109951168948248373.jpg,175805808,1,2024-11-20 10:51:55,https://music.163.com/song?id=2086327879,Unknown,2024-11-20
2024-08-22,3:44,方大同,2738,才二十三,2619125556,梦想家 The Dreamer,http://p2.music.126.net/dlsDdLopwJrE8JlWgWbaOA==/109951170031584299.jpg,250300440,5,2024-11-20 10:51:55,https://music.163.com/song?id=2619125556,Unknown,2024-11-20
2022-04-06,3:33,金润吉,905426,再次爱上你,1936095074,再次爱上你,http://p1.music.126.net/CpFGqvJQILqbN44t6cfF3g==/109951167287280308.jpg,143156950,0,2024-11-20 10:51:55,https://music.163.com/song?id=1936095074,Unknown,2024-11-20
2009-03-26,4:24,蔡依林,7219,妥协,209586,花蝴蝶,http://p2.music.126.net/hxCXuec8rnU8QKqKHPiJ5g==/109951168195228279.jpg,21322,4,2024-11-20 10:51:55,https://music.163.com/song?id=209586,Unknown,2024-11-20
2024-09-06,3:40,"Wiz_H张子豪, 梨冻紧","13112601, 33259235",罗生门2024,2624625493,罗生门2024,http://p2.music.126.net/V5cpYcAxUAVEcSZgSfwFaw==/109951169939876838.jpg,247154488,1,2024-11-20 10:51:55,https://music.163.com/song?id=2624625493,Unknown,2024-11-20
Unknown,3:41,鞠婧祎,1032298,壁上观,2638631898,壁上观,http://p2.music.126.net/_XBgmnrIqqCea_XWWvbiVw==/109951170062515928.jpg,251403463,1,2024-11-20 10:51:55,https://music.163.com/song?id=2638631898,Unknown,2024-11-20
2021-04-28,2:48,sunkis 宋秉勤,33797031,trust me,1838763739,trust me,http://p2.music.126.net/LUSLfL0jlYMAjVPE1oPv1g==/109951165907388481.jpg,126244816,1,2024-11-20 10:51:55,https://music.163.com/song?id=1838763739,Unknown,2024-11-20
2024-02-23,3:00,"Max李玄, 邹沛沛","57539469, 48345452",底牌,2120125578,底牌,http://p2.music.126.net/tkCa4swrYh3YJuunv_cHBQ==/109951169361114051.jpg,183958131,1,2024-11-20 10:51:55,https://music.163.com/song?id=2120125578,Unknown,2024-11-20
Unknown,3:41,"刘大拿, 褚晨茜","29588305, 12286056",想你,2642267710,想你,http://p2.music.126.net/9Mqh7h8xouZ_IGBonYe6qQ==/109951170105322171.jpg,252574279,1,2024-11-20 10:51:55,https://music.163.com/song?id=2642267710,Unknown,2024-11-20
2022-07-09,3:26,"马思唯, JZlee","1132392, 1098154",Coco Elva Tia,1960619633,Humble Swag GT Mixtape,http://p2.music.126.net/Z2qKcAdS0eAYrJuJMwa3VA==/109951167611690026.jpg,147487646,5,2024-11-20 10:51:55,https://music.163.com/song?id=1960619633,Unknown,2024-11-20
2008-09-29,4:13,痛仰乐队,12971,为你唱首歌,381858,不要停止我的音乐,http://p2.music.126.net/la_yQfJiPmrDvVlaXbdhLA==/109951169200439396.jpg,37797,9,2024-11-20 10:51:55,https://music.163.com/song?id=381858,Unknown,2024-11-20
2018-07-04,2:51,"音阙诗听, 王梓钰","12174521, 12048239",红昭愿 (高音质版),864648569,红昭愿（高音质版）,http://p2.music.126.net/6-eQfchy1247UdTzGz3b_A==/109951163398361197.jpg,71720537,1,2024-11-20 10:51:55,https://music.163.com/song?id=864648569,Unknown,2024-11-20
2012-07-26,4:19,"陈冠希, MC仁, 厨房仔, 应采儿","2122, 4489, 1149014, 203554",Everywhere We Go,65739,三角度,http://p2.music.126.net/hDa6w1Bw7LfUPw2VSa0HAw==/18564154325374364.jpg,6447,13,2024-11-20 10:51:55,https://music.163.com/song?id=65739,Unknown,2024-11-20
2023-05-22,2:54,"Tiko, 缪礼丞, 粉太狼","52637913, 32870452, 35309151",时空观影券,2049529248,时空观影券,http://p2.music.126.net/8ad0ywcK7Ti_2_Q3Xrehmg==/109951168631980291.jpg,166151164,1,2024-11-20 10:51:55,https://music.163.com/song?id=2049529248,Unknown,2024-11-20
Unknown,3:07,刘大拿,29588305,青花,2617423373,青花,http://p2.music.126.net/ZkIjQOw02gwdnRTBjLRqWg==/109951169872839544.jpg,245069780,1,2024-11-20 10:51:55,https://music.163.com/song?id=2617423373,Unknown,2024-11-20
2009-05-28,4:00,徐佳莹,9940,一样的月光,306665,LaLa首张创作专辑,http://p2.music.126.net/b1hZLgWA9ihXkivZeqo81g==/109951168296446353.jpg,30452,7,2024-11-20 10:51:55,https://music.163.com/song?id=306665,Unknown,2024-11-20
2010-01-03,4:22,杨丞琳,10199,匿名的好友,316108,Rainie & Love....? 雨爱,http://p2.music.126.net/M89REFvvLzYoWGaY49E09g==/109951167282433938.jpg,31321,6,2024-11-20 10:51:55,https://music.163.com/song?id=316108,Unknown,2024-11-20
2024-04-09,3:56,杜宣达,12060040,如果可以,2144209098,如果可以,http://p2.music.126.net/y1h40wgnEzAJKGN0IksUsg==/109951169484028770.jpg,191746676,1,2024-11-20 10:51:55,https://music.163.com/song?id=2144209098,Unknown,2024-11-20
Unknown,3:55,安溥 anpu,12170037,最好的时光,1989506149,9522,http://p2.music.126.net/FATA8q3P9PfO5wDoWjTHUg==/109951167966156160.jpg,153227407,6,2024-11-20 10:51:55,https://music.163.com/song?id=1989506149,Unknown,2024-11-20
2023-04-26,2:27,"海洋Bo, 费米Frieme, Zy","36985903, 12178015, 37123911",风驶过的声音是,2041974276,风驶过的声音是（说唱版）,http://p2.music.126.net/gfLR-3TEncp1cOog8oUaFA==/109951168567036973.jpg,164305610,1,2024-11-20 10:51:55,https://music.163.com/song?id=2041974276,Unknown,2024-11-20
2017-12-14,4:19,周兴哲,980025,永不失联的爱,523250334,如果雨之后,http://p2.music.126.net/9ZUyP_1bSEtmWRYfijoJmA==/109951167105501079.jpg,36948120,6,2024-11-20 10:51:55,https://music.163.com/song?id=523250334,Unknown,2024-11-20
2015-04-27,5:12,李荣浩,4292,不将就,31654343,有理想,http://p2.music.126.net/e-Uc6W3Kug-HFHJ5nvCUPg==/109951166562828988.jpg,34567265,7,2024-11-20 10:51:55,https://music.163.com/song?id=31654343,Unknown,2024-11-20
2023-12-22,2:58,"WiFi歪歪, Mikey-18","32571955, 48577041",慢冷,2110966810,慢冷,http://p2.music.126.net/wh3Qy8jeHRjBIVD839NeAw==/109951169201962809.jpg,181693680,1,2024-11-20 10:51:55,https://music.163.com/song?id=2110966810,Unknown,2024-11-20
2023-01-18,4:27,TINY7,33204812,浆果,2015896805,浆果,http://p2.music.126.net/BQAY8w9XzOj_j1wZgIsczQ==/109951168247366566.jpg,158547170,1,2024-11-20 10:51:55,https://music.163.com/song?id=2015896805,Unknown,2024-11-20
2011-01-31,4:23,梁静茹,8325,情歌,254059,现在开始我爱你,http://p2.music.126.net/QKCkMMW_fPDcczRNb0qZyg==/109951168163257789.jpg,25381,2,2024-11-20 10:51:55,https://music.163.com/song?id=254059,Unknown,2024-11-20
2004-12-30,3:58,王力宏,5346,爱错,25641873,心中的日月,http://p2.music.126.net/68gTdMvsaXBGEwj78j7HPg==/109951169217435459.jpg,2263067,10,2024-11-20 10:51:55,https://music.163.com/song?id=25641873,Unknown,2024-11-20
2024-04-27,4:31,"王OK, 洪佩瑜","27871957, 8089",这条小鱼在乎,2149792787,不完全自救手册,http://p2.music.126.net/hxgaqqn68ZSYZXpch_1aOA==/109951169613965412.jpg,194013338,10,2024-11-20 10:51:55,https://music.163.com/song?id=2149792787,Unknown,2024-11-20
2015-01-26,3:59,"银临, Aki阿杰","188565, 188558",牵丝戏,30352891,牵丝戏,http://p2.music.126.net/Nd86SOcyCxU5Qu7jdZn_MQ==/7725168696876736.jpg,3098268,1,2024-11-20 10:51:55,https://music.163.com/song?id=30352891,Unknown,2024-11-20
2023-05-11,4:52,"张碧晨, 王赫野","1024308, 47091532",字字句句 (Live版),2046990697,天赐的声音第四季 第3期,http://p2.music.126.net/aYlvK62cltFabwV4Cf-9pg==/109951168608653311.jpg,165533216,5,2024-11-20 10:51:55,https://music.163.com/song?id=2046990697,Unknown,2024-11-20
